date	kind	item_order	source	filename	content_type	size_bytes	staged_size	size_exception	public_id	storage_key	sha256	staged_sha256
2023-06-14	EN	10	Presentation/2023/6 June/International Vaccine Codes 2023-06-14.pptx	International Vaccine Codes 2023-06-14.pptx	application/vnd.openxmlformats-officedocument.presentationml.presentation	4525555	4525555	N	ef1e8b6d-f977-4760-8236-1b9638cd5632	9b792021-a501-4e35-94d1-8bca1009ef20	ea7e6d7a89a32b0ee90d1a63a006970e9617fb0a6e8d3de66030b172d8dd6cd7	ea7e6d7a89a32b0ee90d1a63a006970e9617fb0a6e8d3de66030b172d8dd6cd7
2023-06-14	EN	12	Presentation/2023/6 June/230614-AIRA  codes meeting.pptx	230614-AIRA  codes meeting.pptx	application/vnd.openxmlformats-officedocument.presentationml.presentation	435310	435310	N	fd5747ed-fe79-46c8-a1fe-f68bb8211156	2538d063-b386-4847-86d0-241f3a0f1194	89952d565a3d191472de9fd08a88601190dff3856504435ab8b2e4abc1126cb2	89952d565a3d191472de9fd08a88601190dff3856504435ab8b2e4abc1126cb2
2023-07-12	EN	10	Presentation/2023/7 July/International Vaccine Codes 2023-07-12.pptx	International Vaccine Codes 2023-07-12.pptx	application/vnd.openxmlformats-officedocument.presentationml.presentation	6118680	6118680	N	fd26a179-7367-4010-ab8b-6e365886873c	3b9bd7e1-34d4-4f04-9612-55e56ff9b1ae	9424bf2c600a4a139464e15873d454f0891a88988d2e11bf248280201ff23554	9424bf2c600a4a139464e15873d454f0891a88988d2e11bf248280201ff23554
2023-07-12	EN	13	Presentation/2023/7 July/2023-07-12 SHC Terminology Approach.pdf	2023-07-12 SHC Terminology Approach.pdf	application/pdf	2524173	2524173	N	d573a657-faf6-491e-8071-d52a7edbdbbd	2d7d047d-9881-4328-945b-f4354b82dc93	d1e996a8c7501be44650db7eab999518500c36fa5e3a363cbf25eeb5970beab2	d1e996a8c7501be44650db7eab999518500c36fa5e3a363cbf25eeb5970beab2
2023-08-09	EN	10	Presentation/2023/8 August/International Vaccine Codes 2023-08-09.pptx	International Vaccine Codes 2023-08-09.pptx	application/vnd.openxmlformats-officedocument.presentationml.presentation	21972047	21972047	N	28a1e6d3-e4eb-4c38-94ee-95ee869e5b59	b5bc2540-07d9-4707-b83b-6a6212b5d649	6ab2b96003928520701acc64d036b1d82e1c29c6463814b65227420c245033f2	6ab2b96003928520701acc64d036b1d82e1c29c6463814b65227420c245033f2
2023-09-20	EN	10	Presentation/2023/9 September/International Vaccine Codes 2023-09-20.pptx	International Vaccine Codes 2023-09-20.pptx	application/vnd.openxmlformats-officedocument.presentationml.presentation	5678298	5678298	N	9ec2dcad-fa0c-48be-a9e3-073b50ac642e	d3c84395-261c-4b8b-8373-4325f2d24432	cb0bc1b6776e671a77c0236c40ffaa9bbdf4b869fc042f5da785d9a2a31890c0	cb0bc1b6776e671a77c0236c40ffaa9bbdf4b869fc042f5da785d9a2a31890c0
2023-09-20	EN	11	Presentation/2023/9 September/2023_09_20_WHODrug Global_ENG.pdf	2023_09_20_WHODrug Global_ENG.pdf	application/pdf	3424988	3424988	N	6a6e2b95-f323-464b-9671-2194d7242b92	66d06705-dac2-47c7-9c97-e8d82cebdff5	f1b9ee4c98a5444ece567fec20d3e661db062ebd8ed1d2035bff7db42ed56842	f1b9ee4c98a5444ece567fec20d3e661db062ebd8ed1d2035bff7db42ed56842
2023-10-11	EN	10	Presentation/2023/10 October/International Vaccine Codes 2023.10.11.pptx	International Vaccine Codes 2023.10.11.pptx	application/vnd.openxmlformats-officedocument.presentationml.presentation	22382311	22382311	N	b40f059a-9862-4519-9435-4eb682b414de	3e772c7b-5033-439d-bd7b-6e51552d0b9b	e14b526ffb871a9b8c3c831dae81be7fabf236531bd17c091578bc1c5ad880c6	e14b526ffb871a9b8c3c831dae81be7fabf236531bd17c091578bc1c5ad880c6
2023-12-13	EN	10	Presentation/2023/12 December/International Vaccine Codes 2023.12.13.pptx	International Vaccine Codes 2023.12.13.pptx	application/vnd.openxmlformats-officedocument.presentationml.presentation	5663040	5663040	N	0d542e20-40d5-4c9f-81d4-23f565cf7693	ee01c464-745a-4eee-9365-bea6d764dd45	2dfc0115415f04819f11aefe0ebc652c1ceebe63c2d126d12b92ff93ce323658	2dfc0115415f04819f11aefe0ebc652c1ceebe63c2d126d12b92ff93ce323658
2024-03-20	EN	10	Presentation/2024/3 March/International Vaccine Codes 2024.03.20.pptx	International Vaccine Codes 2024.03.20.pptx	application/vnd.openxmlformats-officedocument.presentationml.presentation	3980451	3980451	N	4f400323-3ce5-4590-a92c-e9f40d141de9	2b65ef0c-418b-4d6a-9913-5b3e65e647b3	a2f87bf0d2b7a8e7513e36cc5a48e5f3a8bb8c77f782ffabf6e93104035cef3a	a2f87bf0d2b7a8e7513e36cc5a48e5f3a8bb8c77f782ffabf6e93104035cef3a
2024-04-17	EN	10	Presentation/2024/4 April/International Vaccine Codes 2024.04.17.pptx	International Vaccine Codes 2024.04.17.pptx	application/vnd.openxmlformats-officedocument.presentationml.presentation	5251139	5251139	N	af9d68b7-7657-485e-9889-fc1f09449d1e	cd22c501-bd9e-4e90-9f2d-f0360290099e	0ef2e1367b58136ebd4a764dbaa718f18b8ea5747698e3d45e48e35e08f74d94	0ef2e1367b58136ebd4a764dbaa718f18b8ea5747698e3d45e48e35e08f74d94
2024-04-17	EN	13	Presentation/2024/4 April/240320-IVCI-Metrics- FINAL.pptx	240320-IVCI-Metrics- FINAL.pptx	application/vnd.openxmlformats-officedocument.presentationml.presentation	316264	316264	N	073a804c-fe33-4b63-9faf-c62375173fbb	3f6ca736-1560-44d4-a2a1-ca142ee3c2db	1d90ac3ae75abb310ec7c544329cccf42e80d2476865903861f35f7cfb19bf50	1d90ac3ae75abb310ec7c544329cccf42e80d2476865903861f35f7cfb19bf50
2024-06-12	EN	10	Presentation/2024/6 June/International Vaccine Codes 2024.06.12.pptx	International Vaccine Codes 2024.06.12.pptx	application/vnd.openxmlformats-officedocument.presentationml.presentation	7514281	7514281	N	3fac4989-a984-4ccb-b081-04ff5a49154a	3abe0b9f-2f72-45a2-8d1f-001464a5a61c	c004b6c86c356d6a1c38133a67172bcb57311984839013d6dc52d66752787122	c004b6c86c356d6a1c38133a67172bcb57311984839013d6dc52d66752787122
2024-06-12	EN	12	Presentation/2024/6 June/240612-IVCI.pptx	240612-IVCI.pptx	application/vnd.openxmlformats-officedocument.presentationml.presentation	269595	269595	N	769bdc87-66e3-4acd-92f6-cafd08302f08	9b5cd91c-9116-4bad-bda6-2a2fc0a0a568	1bddb03b58368a3c88f3b44d966579dacb5704bf96a49808ef161e06ffe68ac4	1bddb03b58368a3c88f3b44d966579dacb5704bf96a49808ef161e06ffe68ac4
2024-07-31	EN	10	Presentation/2024/7 July/International Vaccine Codes 2024.07.31.pptx	International Vaccine Codes 2024.07.31.pptx	application/vnd.openxmlformats-officedocument.presentationml.presentation	6649560	6649560	N	ff10ca07-ce40-4eed-929a-a53b10b5b3b8	5b9bd241-d31b-44a1-9cc9-984b5c8d6d23	a696870653d2ad26f44f70e8ee9282a19cdb3bc8af4944da3e2aa73e937a937a	a696870653d2ad26f44f70e8ee9282a19cdb3bc8af4944da3e2aa73e937a937a
2024-10-09	EN	10	Presentation/2024/10 October/International Vaccine Codes 2024.10.09.pptx	International Vaccine Codes 2024.10.09.pptx	application/vnd.openxmlformats-officedocument.presentationml.presentation	6584085	6584085	N	927a8049-93e7-4c91-adb3-6b9bf280de0f	acb48cae-5282-498a-91a1-57928294c1fd	6630b1128ca880c12adccbd01a4f2ec6de4e4ea2f4d7359307a3fd61f6931848	6630b1128ca880c12adccbd01a4f2ec6de4e4ea2f4d7359307a3fd61f6931848
2024-11-27	EN	10	Presentation/2024/11 November/International Vaccine Codes 2024.11.27.pptx	International Vaccine Codes 2024.11.27.pptx	application/vnd.openxmlformats-officedocument.presentationml.presentation	5536956	5536956	N	97542530-5fa3-491c-ad9a-88fe55de922c	7e5fa7a5-c3a9-4e64-a648-a35a91f34c29	4120a96b0278e50bdcb6b0ed38a99df1e9bb0de0a54914241a7e3ba0437b5289	4120a96b0278e50bdcb6b0ed38a99df1e9bb0de0a54914241a7e3ba0437b5289
2025-01-08	EN	10	Presentation/2025/1 January/International Vaccine Codes 2025.01.08.pptx	International Vaccine Codes 2025.01.08.pptx	application/vnd.openxmlformats-officedocument.presentationml.presentation	4540773	4540773	N	5a420935-3f94-4d7d-b3c4-66ea1bfa7648	98f647a7-120c-499e-996e-15b0c26c4676	454d69dedd8412c4bc4a45464d6f4e40c1017b923456052a48f8bde1ba75db0d	454d69dedd8412c4bc4a45464d6f4e40c1017b923456052a48f8bde1ba75db0d
2025-03-12	EN	10	Presentation/2025/3 March/International Vaccine Codes 2025.03.12.pptx	International Vaccine Codes 2025.03.12.pptx	application/vnd.openxmlformats-officedocument.presentationml.presentation	3166686	3166686	N	13f827f1-19e8-4e67-ba81-51c72d4299dc	c88ff187-07ee-437f-8103-d2d891a07430	98e6c024277c4fb15e5f3718640ee7be8fc3dfc377b7c9eb3fcbe2bcd75780ae	98e6c024277c4fb15e5f3718640ee7be8fc3dfc377b7c9eb3fcbe2bcd75780ae
2025-03-12	ES	10	IVC en espanol/Presentation/IVC en español 2025-03_meeting review version.pptx	IVC en español 2025-03_meeting review version.pptx	application/vnd.openxmlformats-officedocument.presentationml.presentation	9877242	9877242	N	86fc0392-9b0f-470f-b7a6-a06a452d5371	684cfc72-af32-436b-b980-2d2309b36ebb	5bc97460eafd3e305ad21de95e1ee4c597055420482c7aa23c3f3fc5a3de3ff3	5bc97460eafd3e305ad21de95e1ee4c597055420482c7aa23c3f3fc5a3de3ff3
2025-03-12	ES	12	IVC en espanol/Presentation/2025_03_12_USA_AIRA_SPA_IVC en español_WHODrug Global.pdf	2025_03_12_USA_AIRA_SPA_IVC en español_WHODrug Global.pdf	application/pdf	4195844	4195844	N	97604564-c91a-479b-9d82-ff557abaace7	9573439b-5c76-46ad-b49f-0d7d8b92eee7	b973922e51c707157f536561ec98afd4d26f5b1fb4d739e4685ad11a0a486747	b973922e51c707157f536561ec98afd4d26f5b1fb4d739e4685ad11a0a486747
2025-04-09	EN	10	Presentation/2025/4 April/International Vaccine Codes 2025.04.09.pptx	International Vaccine Codes 2025.04.09.pptx	application/vnd.openxmlformats-officedocument.presentationml.presentation	3145901	3145901	N	3bb9af1d-94b9-4313-985e-7952ad9e3941	47741fce-7bbd-47e8-922c-3f17b927325d	19a61ba6bc110e9e633de652f513bb97895e33185871c73986d41ec3ab42848f	19a61ba6bc110e9e633de652f513bb97895e33185871c73986d41ec3ab42848f
2025-04-09	ES	10	IVC en espanol/Presentation/IVC en español 2025-04.pptx	IVC en español 2025-04.pptx	application/vnd.openxmlformats-officedocument.presentationml.presentation	8054013	8054013	N	74b88ed7-22a8-4efa-b1e4-2d1de5b6cc11	b7125759-da3e-4d24-84f0-ad70a1786fdc	0286668d7ef4fd81cb52688e81291af856bdc1e99b28e2d930e69f4b2ebf9e64	0286668d7ef4fd81cb52688e81291af856bdc1e99b28e2d930e69f4b2ebf9e64
2025-05-08	TR	10	Bordeaux 2025/Presentations/IVC Training 2025-05-08-Nathan.pptx	IVC Training 2025-05-08-Nathan.pptx	application/vnd.openxmlformats-officedocument.presentationml.presentation	16322148	16322148	N	f5f83daa-f515-48ed-9e84-605a7867d96b	523da3f4-5059-4ac5-ad10-4341421bb3d1	690b9fa1b01c18b5896a5f37264f01aa17a797c05fc8eb19c49e48011b6a777e	690b9fa1b01c18b5896a5f37264f01aa17a797c05fc8eb19c49e48011b6a777e
2025-05-09	SU	10	Bordeaux 2025/A01-FK-Welcome and goals of the meeting.pptx	A01-FK-Welcome and goals of the meeting.pptx	application/vnd.openxmlformats-officedocument.presentationml.presentation	2010485	2010485	N	81d8a650-4ece-4239-a0f0-1079f0921868	95d43404-8dc9-4e5d-847c-ca07a0e2aeac	991371dd17564419ca3240430431c0eacb1cd4409fd8fded9d6e006dab3520db	991371dd17564419ca3240430431c0eacb1cd4409fd8fded9d6e006dab3520db
2025-05-09	SU	11	Bordeaux 2025/Presentations/A03-FK-NUVA- Why it matters.pdf	A03-FK-NUVA- Why it matters.pdf	application/pdf	845906	845906	N	1a983f34-9e63-4a58-b7f8-1a4611ae1943	2b3212f9-8feb-401f-889d-65e81d32c8ec	33dfab41076d0f5aadca2098efe986d5d3ef1eee31ae22882eeb28c7e07d02c9	33dfab41076d0f5aadca2098efe986d5d3ef1eee31ae22882eeb28c7e07d02c9
2025-05-09	SU	12	Bordeaux 2025/Presentations/a04-jlk-_valence_concept.pdf	a04-jlk-_valence_concept.pdf	application/pdf	641594	641594	N	ee7067e8-7628-46cf-8fca-a6ee636f7825	461922ed-aab1-4153-b7ed-b7a0437d122e	a7843a721469d6bc6cbc5f29752ff1218791d2cc12dde9868b9b7990e408844c	a7843a721469d6bc6cbc5f29752ff1218791d2cc12dde9868b9b7990e408844c
2025-05-09	SU	13	Bordeaux 2025/Presentations/A05_NUVA Extension to SNOMED CT.pdf	A05_NUVA Extension to SNOMED CT.pdf	application/pdf	3849368	3849368	N	bccc2cc6-168c-47ae-9817-6a4146ca4872	3824018d-0780-45fc-b7ed-3ad3968016ba	5909f67e5989e3ec8e66aec456dcd61719ce12655a43ae2bd2c8c686efdef850	5909f67e5989e3ec8e66aec456dcd61719ce12655a43ae2bd2c8c686efdef850
2025-05-09	SU	14	Bordeaux 2025/Presentations/B01-IW-View from the industry.pdf	B01-IW-View from the industry.pdf	application/pdf	1936414	1936414	N	920b504a-59b2-4caa-927f-bdca04f20c4a	808939ff-8a14-41b0-bff5-9c0e158df50a	b9d5fc2992e3139668852e9b5a51809ecca0b83765e789e790594fab3ba395f9	b9d5fc2992e3139668852e9b5a51809ecca0b83765e789e790594fab3ba395f9
2025-05-09	SU	16	Bordeaux 2025/Presentations/B04-MF-WHODrug and IDMP for vaccines.pdf	B04-MF-WHODrug and IDMP for vaccines.pdf	application/pdf	1883984	1883984	N	a8afc867-8430-4a58-8b54-6598777b7a77	1197c519-ad94-4ef5-bd74-c7180e5da1d1	ae9c1ebb79c7b9b4d138352cf1f7ff4a612d36c5e1b53edeff599e92a45ec2d6	ae9c1ebb79c7b9b4d138352cf1f7ff4a612d36c5e1b53edeff599e92a45ec2d6
2025-05-09	SU	17	Bordeaux 2025/Presentations/c01-md-luxembourg_experience.pdf	c01-md-luxembourg_experience.pdf	application/pdf	1475396	1475396	N	bb631c76-278a-4bb7-933a-534d1a71f438	0f9cf0fc-fa1f-4982-bfda-2c9d1314d285	ebaec19d292f565e270898f8fcededd73a8ebddc054be8c19de5761a5e254a86	ebaec19d292f565e270898f8fcededd73a8ebddc054be8c19de5761a5e254a86
2025-05-09	SU	18	Bordeaux 2025/Presentations/C02-AC-The EUVABECO EVC project.pdf	C02-AC-The EUVABECO EVC project.pdf	application/pdf	1104906	1104906	N	fe9a5ef0-c26c-45f2-aa4e-852895a48e33	f85be11b-ad1a-414e-bbaf-c58733e1dfc1	0b179eeaff8940f5d0da650fa9117da4d82581c29ed9b1d689e70ebf0ddc748a	0b179eeaff8940f5d0da650fa9117da4d82581c29ed9b1d689e70ebf0ddc748a
2025-05-09	SU	19	Bordeaux 2025/Presentations/D02-SC-US - Vaccine Coding.pdf	D02-SC-US - Vaccine Coding.pdf	application/pdf	3600199	3600199	N	85a08544-db55-4fe2-9304-ec70c662e6eb	e8d3cafa-7224-4558-8fb2-83f4e0e0b8d5	657965fcf641830582b572e0b3a8ba3dd7e4e0dd03295716dbc5ddc02e8952fa	657965fcf641830582b572e0b3a8ba3dd7e4e0dd03295716dbc5ddc02e8952fa
2025-05-09	SU	20	Bordeaux 2025/Presentations/D03-MT-Canada_Experiences_in_Vaccine_Coding.pdf	D03-MT-Canada_Experiences_in_Vaccine_Coding.pdf	application/pdf	1120770	1120770	N	61253c43-b3be-49e6-8137-2360799bd73c	ead609c6-f6e3-4807-b350-ce9d6531554a	ece61324f98c2f63da951fc4e39124d91dcfb9707dea740e9b6b97c3f09ce02f	ece61324f98c2f63da951fc4e39124d91dcfb9707dea740e9b6b97c3f09ce02f
2025-05-09	SU	21	Bordeaux 2025/Presentations/E01-TD-Transcoding and aligning.pdf	E01-TD-Transcoding and aligning.pdf	application/pdf	854339	854339	N	c31f73ec-9095-47ad-ae77-a3878922fb43	17954148-34bf-478c-b4e7-7f0d72ade25b	439ce915b76f8c3ad7a3f34ae04fbc809a2decddcab5789918bff2384ec13586	439ce915b76f8c3ad7a3f34ae04fbc809a2decddcab5789918bff2384ec13586
2025-05-09	SU	22	Bordeaux 2025/Presentations/E02-FK-Metrics.pdf	E02-FK-Metrics.pdf	application/pdf	668256	668256	N	370cefb5-a8a4-4175-a012-8114be04b5af	37283452-cd58-4734-8007-81f4549e6a94	6d36a0cff7692a862dbf8201e05ab703a406f4c110698f32e6fc85863cc04bd3	6d36a0cff7692a862dbf8201e05ab703a406f4c110698f32e6fc85863cc04bd3
2025-06-11	EN	10	Presentation/2025/6 June/International Vaccine Codes 2025.06.11.pptx	International Vaccine Codes 2025.06.11.pptx	application/vnd.openxmlformats-officedocument.presentationml.presentation	60078075	60078075	Y	de5870b8-089d-469b-beef-0b85682ee7fe	86ee6e14-47a0-4cf6-93c1-70c74d654731	684bfeca90c4a66fb9debf5e02e77394fb8635a0c032b7b8dbff5ea76d544e4f	684bfeca90c4a66fb9debf5e02e77394fb8635a0c032b7b8dbff5ea76d544e4f
2025-07-09	EN	10	Presentation/2025/7 July/International Vaccine Codes 2025.07.09.pptx	International Vaccine Codes 2025.07.09.pptx	application/vnd.openxmlformats-officedocument.presentationml.presentation	26738884	26738884	Y	23154db6-eb06-4de2-984f-700570d37e20	570d89ad-b96c-49ac-9ab9-f6ae52a7126f	8453157bbf0c4c00b48651c31cc69e67aa0c7d6ca9bf49c9e68e867584531ba9	8453157bbf0c4c00b48651c31cc69e67aa0c7d6ca9bf49c9e68e867584531ba9
2025-07-23	ES	10	IVC en espanol/Presentation/International Vaccine Codes 2025.07.23 Esp.pptx	International Vaccine Codes 2025.07.23 Esp.pptx	application/vnd.openxmlformats-officedocument.presentationml.presentation	5821232	5821232	N	c4f2e791-046d-4325-821e-7844eccde5a1	054177c9-f49d-4c8c-bd0d-b3f5e90c3282	958ae668ff2e959aaab3b683e17b01037f254545d858e8dc3890dbbba5a245e9	958ae668ff2e959aaab3b683e17b01037f254545d858e8dc3890dbbba5a245e9
2025-09-10	EN	10	Presentation/2025/9 Sep/International Vaccine Codes 2025.09.10.pptx	International Vaccine Codes 2025.09.10.pptx	application/vnd.openxmlformats-officedocument.presentationml.presentation	2825992	2825992	N	ceb10568-13c6-45fa-87f9-ef32b5e298b8	08b77bea-7985-4b4d-993c-2fcf7db9ef2e	8e48d7a478159a84003858646f1d24bcba2ae63cd50ce1011dfc9b71cc9f275e	8e48d7a478159a84003858646f1d24bcba2ae63cd50ce1011dfc9b71cc9f275e
2025-10-08	EN	10	Presentation/2025/10 Oct/International Vaccine Codes 2025.10.08.pptx	International Vaccine Codes 2025.10.08.pptx	application/vnd.openxmlformats-officedocument.presentationml.presentation	3165283	3165283	N	599dd208-2bb2-46ac-95ea-29f78a78285a	dae6787a-e556-4447-b9c6-412c590ff1ad	0bc8366a1ae7a636f9e8fc163b14d90fb363b614f2f6f78eda98ced4c20b8cc7	0bc8366a1ae7a636f9e8fc163b14d90fb363b614f2f6f78eda98ced4c20b8cc7
2025-10-08	EN	11	Presentation/2025/10 Oct/AIRA_15min (2).pptx	AIRA_15min (2).pptx	application/vnd.openxmlformats-officedocument.presentationml.presentation	6346905	6346905	N	35ee0f3e-8eb0-4c40-8e57-6dd3b70bb55e	e38a1b82-1040-4405-bb0d-ccc9cd377223	0143b23a5a8cb9adcf7c66fd92f3a6734478708c1a6f95d6b8cee2d64d42ff4f	0143b23a5a8cb9adcf7c66fd92f3a6734478708c1a6f95d6b8cee2d64d42ff4f
2025-10-08	EN	12	Presentation/2025/10 Oct/Syadem Presentation.pdf	Syadem Presentation.pdf	application/pdf	9805025	9805025	N	3b6e4506-f655-4f84-86d9-50779a41dddb	2123cace-6ff4-4a87-b068-49befc58eda2	df30efed684afef2dbcbc2bc51357c4f07e66287db8fb6bb125763d8820b549b	df30efed684afef2dbcbc2bc51357c4f07e66287db8fb6bb125763d8820b549b
2025-11-12	EN	10	Presentation/2025/11 Nov/International Vaccine Codes 2025.11.12.pptx	International Vaccine Codes 2025.11.12.pptx	application/vnd.openxmlformats-officedocument.presentationml.presentation	2244724	2244724	N	5daac571-61fa-4216-bb29-4a1ccf70b69a	2034ccf8-8853-4c89-b833-8218d042b589	b190d233c76a6e0080e1a2c2bb343e143289b3472bce6efa9d3e77dbc9bac610	b190d233c76a6e0080e1a2c2bb343e143289b3472bce6efa9d3e77dbc9bac610
2025-11-12	EN	12	Presentation/2025/11 Nov/251112-NUVA presentation for IVCI.pptx	251112-NUVA presentation for IVCI.pptx	application/vnd.openxmlformats-officedocument.presentationml.presentation	4806532	4806532	N	d64fe397-923d-4301-bb2d-622b5054aa80	21bd3776-4278-4e32-a2d1-c8cfd0d8c583	de50eeaed29de7a2298a757f83bda68e8735a3fd301eb4c7fcbc20f40cdb1bc3	de50eeaed29de7a2298a757f83bda68e8735a3fd301eb4c7fcbc20f40cdb1bc3
2025-12-10	EN	10	Presentation/2025/12 Dec/International Vaccine Codes 2025.12.10.pptx	International Vaccine Codes 2025.12.10.pptx	application/vnd.openxmlformats-officedocument.presentationml.presentation	9960233	9960233	N	55e47dd4-c213-4680-bb55-30f7fe6c476b	960e016d-3df4-469f-a55e-be01ddeef366	87640fb00f6c27a0cf8d5a3cd016c97ad951f1b4b5a3b95cda316f2971f94aa0	87640fb00f6c27a0cf8d5a3cd016c97ad951f1b4b5a3b95cda316f2971f94aa0
2025-12-10	EN	11	Presentation/2025/12 Dec/NUVAccess.pdf	NUVAccess.pdf	application/pdf	517251	517251	N	2b6dffba-dc86-4b2f-8b5a-2bdda354fab5	6a934910-c2be-4e6e-8293-854f11729216	870eab5a5392fe54818284fddbe79cfec071646bafda6ebb555816dd0ea2f31b	870eab5a5392fe54818284fddbe79cfec071646bafda6ebb555816dd0ea2f31b
2025-12-10	EN	12	Presentation/2025/12 Dec/Country Interview Review with IVC.pptx	Country Interview Review with IVC.pptx	application/vnd.openxmlformats-officedocument.presentationml.presentation	8619611	8619611	N	8c860970-c5ca-4669-b947-5a1976d25cdf	533d3bd7-6f47-477f-8ba8-b987c6378298	018fd04a4b2fc2a77747f75141b0b8667962838930ef8a403a1759803477c8f2	018fd04a4b2fc2a77747f75141b0b8667962838930ef8a403a1759803477c8f2
2025-12-10	EN	13	Presentation/2025/12 Dec/251210-NUVA alignment files.pptx	251210-NUVA alignment files.pptx	application/vnd.openxmlformats-officedocument.presentationml.presentation	2615064	2615064	N	e6470415-dbcc-483e-9d53-6d361056d2d2	4a4e16ad-ee87-4a6a-a52d-7fe12fa29d6d	e9859c36d1d0fc40d2f0b1454f209a6aa932b292da89f390fe1720550aab03d6	e9859c36d1d0fc40d2f0b1454f209a6aa932b292da89f390fe1720550aab03d6
2026-01-14	EN	10	Presentation/2026/01 Jan/International Vaccine Codes 2026.01.14.pptx	International Vaccine Codes 2026.01.14.pptx	application/vnd.openxmlformats-officedocument.presentationml.presentation	2490720	2490720	N	aa8061b1-0c8b-4e50-97ed-82f4f71d43da	397e5856-22a7-4126-8533-a41501b5eecd	5bfd76cb49f16df663aa37a255d32230804d7786e115afb480e4872af75a5053	5bfd76cb49f16df663aa37a255d32230804d7786e115afb480e4872af75a5053
2026-01-14	EN	11	Presentation/2026/01 Jan/260114-NUVA use cases in France and Switzerland.pptx	260114-NUVA use cases in France and Switzerland.pptx	application/vnd.openxmlformats-officedocument.presentationml.presentation	2583827	2583827	N	ec4f46b6-2830-41ad-b803-9ba127b9da1b	677f6d60-125d-4837-b767-742093c469e7	71b9c4e848d8b3de44675af3afb96992276f1bc506ffd624d0a990fa4bc3f829	71b9c4e848d8b3de44675af3afb96992276f1bc506ffd624d0a990fa4bc3f829
2026-02-11	EN	10	Presentation/2026/02 Feb/International Vaccine Codes 2026.02.11.pptx	International Vaccine Codes 2026.02.11.pptx	application/vnd.openxmlformats-officedocument.presentationml.presentation	2647119	2647119	N	9b598401-b4d7-4dd5-b8b9-5327a592b6d5	fb7f575f-3e55-4aa7-a874-6f615d5fffee	2b06795ca497755624c183424502231ea8df74980197d051d9bf4aefacbcac7e	2b06795ca497755624c183424502231ea8df74980197d051d9bf4aefacbcac7e
2026-02-11	EN	12	Presentation/2026/02 Feb/20260210 Neisseria meningitidis.pptx	20260210 Neisseria meningitidis.pptx	application/vnd.openxmlformats-officedocument.presentationml.presentation	1486066	1486066	N	54c62a5b-c80f-44fa-b6c7-5bf83d415f79	2cd998dd-ed40-4478-9983-d3eed27bd4ce	73d6335ae43c9d69d16d1ce61035dfb36aaeb037f094b07d2e5d24574b6fa93a	73d6335ae43c9d69d16d1ce61035dfb36aaeb037f094b07d2e5d24574b6fa93a
2026-02-11	EN	14	Presentation/2026/02 Feb/260211-Concept of disease in NUVA.pptx	260211-Concept of disease in NUVA.pptx	application/vnd.openxmlformats-officedocument.presentationml.presentation	2617666	2617666	N	e28fcd99-12b1-4138-9b27-a3117dac10be	4b595958-5e74-4f3b-9489-32019b48096d	7e8616dec113672e81c251aa1aca1fdb6406908b928abee7902f73e1d8e59013	7e8616dec113672e81c251aa1aca1fdb6406908b928abee7902f73e1d8e59013
2026-03-11	EN	10	Presentation/2026/03 Mar/International Vaccine Codes 2026.03.11.pptx	International Vaccine Codes 2026.03.11.pptx	application/vnd.openxmlformats-officedocument.presentationml.presentation	2732052	2732052	N	eb6955e5-7cfa-4829-9e69-8c9306368a6d	e4bc85a9-d1f8-4684-b487-e669cef74cf4	ec4aec5737306e2b13625c5ece50474ac9f9160331789e966c39cb633888200c	ec4aec5737306e2b13625c5ece50474ac9f9160331789e966c39cb633888200c
2026-03-11	EN	12	Presentation/2026/03 Mar/MenB Rennes 2025_v3.pptx	MenB Rennes 2025_v3.pptx	application/vnd.openxmlformats-officedocument.presentationml.presentation	2611266	2611266	N	fb7e7b04-bbf8-4c36-9f71-0a11c1b0eb1d	2f6d7dbd-cd51-403d-8bfe-428cd071e838	a063b2bbdf4ebff7ce549dec9f9532cd5acf0bf028368ef1b70ccaa174da3db7	a063b2bbdf4ebff7ce549dec9f9532cd5acf0bf028368ef1b70ccaa174da3db7
2026-05-13	EN	10	Presentation/2026/05 May/International Vaccine Codes 2026.05.13.pptx	International Vaccine Codes 2026.05.13.pptx	application/vnd.openxmlformats-officedocument.presentationml.presentation	7798081	7798081	N	3e5a754d-08e8-429e-b350-23e2c3441adf	be44b8df-c3d8-44c0-9af2-bc0564c5b8fd	41899ccea51c64628e4f716d24cbb8eff70f280d5f94c657b3f54553fae54cd1	41899ccea51c64628e4f716d24cbb8eff70f280d5f94c657b3f54553fae54cd1
